"surveycode","toilet","relationship_hhhead","otherwatersource","drinkwatersource","age","birth_order","father_alive","haz_dhs","head_age","head_sex","height","hhsize","mother_alive","sex","urban_rural","watersource_dist","waz_dhs","wealth_factor","wealth_index","weight","mother_age","mother_years_ed","mother_height","mother_haz","father_age","father_years_ed","father_height","father_haz","workers","dependents","birth_weight","breast_duration","diarrhea","fever","is_visitor","istwin","mother_smokes","parasite_drugs","parents_years_ed","years_in_location","ever_breastfed","breastfeeding","interview_year"
"AL-5-1",0,0,0,0,0,0.0407047387606318,0,0.185905224787363,0,0,0.0419198055893074,0,0,0,0,0.000607533414337789,0.185905224787363,0,0,0.0425273390036452,0.00972053462940462,0.00972053462940462,0.0291616038882139,0.0297691373025516,0.157958687727825,0.157958687727825,0.627582017010936,0.627582017010936,0,0,0.0656136087484812,0.0419198055893074,0.0443499392466586,0.0419198055893074,0.0413122721749696,0.0413122721749696,0.0413122721749696,0.0479951397326853,0.642162818955043,0.0413122721749696,0.0419198055893074,0.0419198055893074,2009
"AM-6-1",0,0.056271186440678,0.0264406779661017,0.000677966101694915,0,0.0176271186440678,0.000677966101694915,0.0989830508474576,0,0,0.0372881355932203,0,0,0,0,0.00271186440677966,0.0989830508474576,0,0,0.993898305084746,0.00406779661016949,0.00406779661016949,1,1,0.119322033898305,0.119322033898305,1,1,0,0,0.0325423728813559,0.739661016949153,0.0203389830508475,0.0196610169491525,0.0176271186440678,0.0176271186440678,0.0183050847457627,0.0257627118644068,0.0705084745762712,1,0.0210169491525424,0.0210169491525424,2010
"AM-7-1",0.00114220445459737,0,0.999428897772701,0,0,0.0245573957738435,0.00114220445459737,0.106225014277556,0,0,0.0788121073672187,0,0,0,0,0.00571102227298686,0.106225014277556,0,0,0.0708166761850371,0.00228440890919475,0.00228440890919475,0.0479725870930897,0.0479725870930897,0.0868075385494003,0.0868075385494003,1,1,0,0,0.029126213592233,0.738435179897202,0.0251284980011422,0.0251284980011422,0.0245573957738435,0.0245573957738435,0.0245573957738435,1,0.0719588806396345,0.0268418046830383,0.0245573957738435,0.0245573957738435,2016
"AO-7-1",0,0,0.9959716796875,0,0,0.1741943359375,0.0006103515625,0.0902099609375,0.0279541015625,0,0.038330078125,0,0,0,0,0.030029296875,0.0902099609375,0,0,0.040283203125,0.1048583984375,0.0887451171875,1,1,0.4071044921875,0.4056396484375,1,1,0,0,0.57763671875,0.6680908203125,0.1766357421875,0.175537109375,0.1741943359375,0.1741943359375,0.1741943359375,1,0.4898681640625,0.1741943359375,0.1741943359375,0.1741943359375,2016
"BD-4-1",0.00189693329117926,1,0.00110654441985457,1,0,0,1,0.156971229845084,0.000158077774264938,0,0.125039519443566,0,1,0,0,1,0.156971229845084,0,0,0.0619664875118558,1,0.341922225735062,1,1,1,1,1,1,1,1,1,0.00395194435662346,0.00569079987353778,0.00663926651912741,0,0,1,1,0.341922225735062,0.000790388871324692,0.00395194435662346,0.00395194435662346,2000
"BD-4-3",0.000142328494164532,0,0.0977796754910333,0.000142328494164532,0,0.0964987190435525,1,0.126957016794762,0,0,0.102761172786792,0,1,0,0,1,0.126957016794762,0,0,0.0848277825220609,0.0180757187588955,0.0186450327355537,0.0819812126387703,0.0832621690862511,1,1,1,1,0,0,1,0.0964987190435525,0.0976373469968688,0.0974950185027042,0.0964987190435525,0.0964987190435525,1,1,0.470964987190436,0.0967833760318816,0.0964987190435525,0.0964987190435525,2004
"BD-5-1",0,0.0564440263405456,0,0,0,0.099090624020069,1,0.134995296331138,0.000313577924114142,0,0.114926309187833,0,1,0,0,1,0.134995296331138,0,0,0.0979931012856695,1,0.502822201317027,1,1,1,1,1,1,0,0,1,0.101442458450925,0.100188146754468,0.100031357792411,0.0995609909062402,0.0995609909062402,1,1,0.502822201317027,0.0995609909062402,0.101442458450925,0.101442458450925,2007
"BD-6-1",0.000107805088400172,0,0.194695989650712,0,0,0.107266062958172,1,0.136912462268219,0,0,0.109961190168176,0,1,0,0,0.000970245795601552,0.136912462268219,0,0,0.0996119016817594,1,0.616106080206986,1,1,1,1,1,1,0,0,1,0.229085812850367,0.107481673134972,0.107589478223372,0.107266062958172,0.107266062958172,1,0.109853385079776,0.616106080206986,1,0.229085812850367,0.229085812850367,2011
"BD-7-1",0.000120235661897319,0,0.17578453769388,0,0,0.0982325357701094,1,0.129253336539618,0,0,0.106168089455332,0,1,0,0,0.00168329926656246,0.129253336539618,0,0,0.0842851989900204,1,0.625225441866057,1,1,1,1,1,1,0,0,1,0.47625345677528,0.099194421065288,0.0993146567271853,0.0983527714320067,0.0983527714320067,1,0.100156306360467,0.625225441866057,1,0.47625345677528,0.47625345677528,2014
"BF-2-1",0.0087890625,1,0.00703125,1,0,0,1,0.219140625,0.0013671875,0,0.10546875,0,1,0,0,0.2044921875,0.219140625,0,0,0.0775390625,1,0.1013671875,1,1,1,1,1,1,1,1,0.6638671875,0.00703125,0.0244140625,0.0263671875,0,0,1,1,0.1013671875,0.002734375,0.00703125,0.00703125,1993
"BF-3-1",0.0337325349301397,1,0.0307385229540918,1,0,0,1,0.273852295409182,0.00179640718562874,0,0.0610778443113772,0,1,0,0,0.128942115768463,0.273852295409182,0,0,0.0546906187624751,1,0.0640718562874251,1,1,1,1,1,1,1,1,0.763073852295409,0.00159680638722555,0.0199600798403194,0.0227544910179641,0,0,1,1,0.0640718562874251,0.00459081836327345,0.00159680638722555,0.00159680638722555,1999
"BF-4-1",0.00209080047789725,0.0563520509757069,0.11031461569096,0.000896057347670251,0,0.0964755077658303,0.00129430505774592,0.151334129828753,0.00189167662285942,0,0.0673038630027877,0,0.000995619275189168,0,0,0.211668657905217,0.151334129828753,0,0,0.0625248904818797,0.039426523297491,0.0399243329350856,0.0834328952608522,0.0840302668259657,0.141079251294305,0.142771804062127,1,1,0,0,0.71963361210673,0.105336519315014,0.0981680605336519,0.0985663082437276,0.0967741935483871,0.0967741935483871,0.0971724412584628,1,0.17094782954998,0.098068498606133,0.105336519315014,0.105336519315014,2003
"BF-6-1",0.000869691259602841,0.022756921292941,1,0.000579794173068561,0,0.0666763299028845,0.000579794173068561,0.0608783881721989,0.00014494854326714,0,0.030004348456298,0,0,0,0,0.00115958834613712,0.0608783881721989,0,0,0.0276851717640238,0.0331932164081751,0.0350775474706479,0.0614581823452674,0.062037976518336,0.142194520945064,0.143499057834469,1,1,0,0,1,1,1,1,1,1,1,1,1,1,1,1,2010
"BJ-3-1",0.00620211601605254,1,0.00656694636993798,1,0,0,1,0.155052900401313,0.000364830353885443,0,0.0324699014958044,0,1,0,0,1,0.155052900401313,0,0,0.022254651587012,1,0.0915724188252463,1,1,1,1,1,1,1,1,0.528274352426122,0.00802626778547975,0.00474279460051076,0.00766143743159431,0.000364830353885443,0,1,1,0.0915724188252463,0.00145932141554177,0.00802626778547975,0.00802626778547975,1996
"BJ-4-1",0.000758293838862559,0.000568720379146919,0.155829383886256,0.00018957345971564,0,0.131374407582938,0.0037914691943128,0.225592417061611,0.00037914691943128,0,0.0509952606635071,0,0.00018957345971564,0,0,0.0792417061611374,0.225592417061611,0,0,0.0511848341232227,0.0676777251184834,0.068436018957346,0.11563981042654,0.116398104265403,0.213080568720379,0.230331753554502,1,1,0,0,0.493649289099526,0.138578199052133,0.135734597156398,0.135165876777251,0.132890995260664,0.131374407582938,0.132132701421801,1,0.253080568720379,0.132890995260664,0.138578199052133,0.138578199052133,2001
"BJ-6-1",0,0.000696815552923141,1,0,0,0.160128214061738,0.000627133997630827,0.416416974426869,0.00271758065640025,0,0.0870322625601003,0,0.000766497108215455,0,0,0.0434116089471117,0.416416974426869,0,0,0.0731656330569298,0.0972057696327782,0.100411121176225,0.15448400808306,0.160337258727615,0.190927461500941,0.213295240749774,1,1,0,6.96815552923141e-05,1,1,1,1,1,1,1,1,1,1,1,1,2012
"BO-5-1",1,0.0200133422281521,0.00155659328441183,0.00744941071825662,0,0.102512786301979,0.0056704469646431,0.0683789192795197,0.000111185234600845,0,0.0529241716700022,0,0.000555926173004225,0,0,0.00044474093840338,0.0683789192795197,0,0,0.048032021347565,0.0512563931509896,0.0513675783855904,0.088948187680676,0.0892817433844785,0.242272626195241,0.244162775183456,1,1,0,0,0.314209472981988,0.110295752724038,0.103735823882588,1,0.103402268178786,0.103291082944185,0.104069379586391,0.106849010451412,0.458750277963086,0.103847009117189,0.110295752724038,0.110295752724038,2008
"BU-6-1",0.00129098889749548,0.0139426800929512,0.0735863671572424,0,0,0.0686806093467596,0.00180738445649367,0.064291247095275,0,0,0.0477665892073328,0,0,0,0,0.00903692228246837,0.064291247095275,0,0,0.0444100180738446,0.0312419313193907,0.0327911179963852,0.0790085205267235,0.080557707203718,0.210431190291763,0.216627936999742,1,1,0,0,0.421636973922024,0.563129357087529,0.069713400464756,0.0699715982442551,0.0689388071262587,0.0689388071262587,0.0689388071262587,0.0702297960237542,0.38574748257165,1,0.0728117738187452,0.0728117738187452,2011
"CD-5-1",0.00635785649409628,0.0199818346957312,0.134196185286104,0,0,0.123524069028156,0.0036330608537693,0.193460490463215,0,0,0.0885558583106267,0,0.000681198910081744,0,0,0.00204359673024523,0.193460490463215,0,0,0.07811080835604,0.0744777475022707,0.0769754768392371,0.133969118982743,0.137148047229791,0.269754768392371,0.271798365122616,1,1,0,0,0.382379654859219,0.146684831970936,0.129881925522253,0.131925522252498,0.123524069028156,0.123524069028156,0.123751135331517,0.932107175295186,0.513851044504995,0.12511353315168,0.146684831970936,0.146684831970936,2007
"CD-6-1",0.000113109376767334,0.00101798439090601,0.120800814387513,0.000339328130302002,0,0.109602986087547,0.00124420314444067,0.0695622667119104,0,0,0.0256758285261848,0,0.000226218753534668,0,0,0.00576857821513403,0.0695622667119104,0,0,0.0248840628888135,0.0801945481280398,0.0804207668815745,0.109942314217849,0.111299626739057,0.328922067639407,0.329600723900011,1,1,0,0,0.376993552765524,0.610903743920371,0.112204501753195,0.112091392376428,0.109716095464314,0.109716095464314,0.109716095464314,0.116389548693587,0.543716774120575,1,0.117407533084493,0.117407533084493,2014
"CF-3-1",0.00273330730183522,1,0.00195236235845373,1,0,0,1,0.103084732526357,0.00156188988676298,0,0.0484185864896525,0,1,0,0,0.0960562280359235,0.103084732526357,0,0,0.0452948067161265,1,0.280749707145646,1,1,1,1,1,1,1,1,0.48184303006638,0.00663803201874268,0.0238188207731355,0.0249902381882077,0,0,1,1,0.280749707145646,0.00195236235845373,0.00663803201874268,0.00663803201874268,1995
"CI-3-1",0.00519409513395298,1,0.00492072170585019,1,0,0,1,0.0820120284308365,0.00136686714051394,0,0.0410060142154183,0,1,0,0,0.468835429196282,0.0820120284308365,0,0,0.0410060142154183,1,0.238928376161837,1,1,1,1,1,1,1,1,0.448879168944779,0.0114816839803171,0.0155822854018589,0.0158556588299617,0,0,1,1,0.238928376161837,0,0.0114816839803171,0.0114816839803171,1994
"CI-3-2",0.0785219399538106,1,0.0814087759815243,1,0,0,1,0.147228637413395,0.0023094688221709,0,0.0802540415704388,0,1,0,0,0.615473441108545,0.147228637413395,0,0,0.0744803695150116,1,0.267321016166282,1,1,1,1,1,1,1,1,0.307736720554273,0.00404157043879908,0.0577367205542725,0.0623556581986143,0,0,1,1,0.267321016166282,1,0.00404157043879908,0.00404157043879908,1999
"CI-6-1",0.00284292821606254,0.000947642738687515,0.21179815209666,0.000710732054015636,0,0.1954513148543,0.0033167495854063,0.12982705520019,0.000947642738687515,0,0.0888415067519545,0,0.000473821369343757,0,0,0.00284292821606254,0.12982705520019,0,0,0.0862354892205638,0.0966595593461265,0.097607202084814,0.1878701729448,0.189765458422175,0.329779673063255,0.333333333333333,1,1,0,0,0.525230987917555,0.663586827765932,0.203506278133144,0.202321724709784,0.196872778962331,0.196872778962331,0.197346600331675,0.218668561952144,0.353470741530443,1,0.204217010187159,0.204217010187159,2012
"CM-2-1",0.0016490765171504,1,0.00362796833773087,1,0,0,1,0.241094986807388,0.00230870712401055,0,0.12368073878628,0,1,0,0,0.178100263852243,0.241094986807388,0,0,0.12434036939314,1,0.493733509234829,1,1,1,1,1,1,1,1,0.390501319261214,0.000989445910290238,0.0481530343007916,0.049802110817942,0.000329815303430079,0,1,1,0.493733509234829,0,0.000989445910290238,0.000989445910290238,1991
"CM-4-1",0.00208768267223382,0.106007886801206,0.263279981442821,0.00255161215495245,0,0.194850382741823,0.0157736024124333,0.139410809556947,0,0,0.0765483646485734,0,0.00255161215495245,0.000231964741359313,0,0.0893064254233357,0.139410809556947,0,0,0.0723729993041058,0.118533982834609,0.121085594989562,0.188123405242403,0.188123405242403,0.354210160055672,0.360009278589654,1,1,0,0,0.550452331245651,0.198329853862213,0.200417536534447,0.19948967756901,0.197401994896776,0.194850382741823,0.197865924379494,1,0.626768731152865,0.196474135931338,0.198329853862213,0.198329853862213,2004
"CM-6-1",0.0011037527593819,0.000157678965625985,0.999369284137496,0,0,0.166824345632293,0.00599180069378745,0.0665405234941659,0.000788394828129927,0,0.0334279407127089,0,0.00141911069063387,0,0,0.0100914538000631,0.0665405234941659,0,0,0.0316934720908231,0.119993692841375,0.121255124566383,0.148218227688426,0.14963733837906,0.338852097130243,0.342794071270892,1,1,0,0,0.491169977924945,0.17281614632608,0.16887417218543,0.168716493219804,0.166824345632293,0.166824345632293,0.166824345632293,0.171712393566698,0.614790286975717,1,0.17281614632608,0.17281614632608,2011
"CO-6-1",0,5.22220481487284e-05,0,0,0,0.13347955506815,0.00793775131860672,0.0812052848712727,0.000156666144446185,0,0.071909760300799,0,0.000783330722230926,0,0,0.000574442529636012,0.0812052848712727,0,0,0.0712830957230143,0.071335317771163,0.073633087889707,0.177241631416784,0.177868295994569,0.371559872578202,0.382630946785733,1,1,0,0,0.373544310407854,0.136142879523735,0.134628440127422,0.134576218079273,0.133740665308893,0.133740665308893,1,1,0.49814611729072,0.133740665308893,0.136142879523735,0.136142879523735,2010
"DR-5-1",0.00339284271750545,0.0474190160756119,0.000969383633572986,0.000969383633572986,0,0.190726229905485,0.00630099361822441,0.108894094838032,0.000161563938928831,0,0.0764197431133371,0,0.00250424105339688,0,0,0.0138944987478795,0.108894094838032,0,0,0.0730269003958317,0.141287664593263,0.146457710638985,1,1,0.425397851199612,0.459003150496809,1,1,0,0,0.225624040714113,0.204863074561758,0.193715162775668,0.196057839890137,0.191695613539058,0.191130139752807,0.191210921722272,0.194765328378706,0.53001050165603,0.191937959447451,0.204863074561758,0.204863074561758,2007
"DR-6-1",0.000246974561620153,0,0.000246974561620153,0,0,0.163250185230921,0.00197579649296122,0.0832304272659916,0,0,0.062978513213139,0,0.000246974561620153,0,0,0.000246974561620153,0.0832304272659916,0,0,0.0637194368979995,0.11336132378365,0.116571993084712,0.152877253642875,0.153371202766115,0.411212645097555,0.437391948629291,0.512966164485058,0.513213139046678,0,0,0.184983946653495,0.171647320326006,0.163991108915782,0.163744134354162,0.163497159792541,0.163497159792541,0.163497159792541,0.165966905408743,0.443072363546555,1,0.171647320326006,0.171647320326006,2013
"DR-6-2",0.000966183574879227,0,0.00193236714975845,0,0,0.214492753623188,0.000966183574879227,0.0792270531400966,0,0,0.0521739130434783,0,0.000966183574879227,0,0,0.00193236714975845,0.0792270531400966,0,0,0.0521739130434783,0.16231884057971,0.166183574879227,0.198067632850242,0.198067632850242,0.444444444444444,0.479227053140097,0.542028985507246,0.542028985507246,0,0,0.251207729468599,0.220289855072464,0.214492753623188,0.214492753623188,0.214492753623188,0.214492753623188,0.214492753623188,0.214492753623188,0.589371980676328,1,0.220289855072464,0.220289855072464,2013
"EG-2-1",0,1,0,1,0,0,1,0.0883400909202605,0.000368595650571323,0,0.0527091780316992,0,1,0,0,1,0.0883400909202605,1,1,0.0497604128271286,1,0.192775525248802,1,1,1,1,1,1,1,1,0.918048900356309,0,0.0031944956382848,0.00294876520457059,0,0,1,1,0.192775525248802,0.000491460867428431,0,0,1993
"EG-3-1",0,1,0.000266098988823842,1,0,0,1,0.0851516764236296,0,0,0.0377860564129856,0,1,0,0,0.748092957246763,0.0851516764236296,0,0,0.038229554727692,1,0.18076991307433,1,1,1,1,1,1,1,1,0.91138903672166,0.00212879191059074,0.00239489089941458,0.00274968955117971,0,0,1,1,0.18076991307433,0,0.00212879191059074,0.00212879191059074,1996
"EG-4-1",8.9653935807782e-05,0,1,0.000179307871615564,0,0.0255513717052179,8.9653935807782e-05,0.0710059171597633,0,0,0.0203514434283665,0,0.000268961807423346,0,0,0.863726017572171,0.0710059171597633,0,0,0.0198135198135198,0.00986193293885602,0.00986193293885602,0.0264479110632957,0.0268065268065268,0.0589026358257127,0.0590819436973283,1,1,0,0,1,1,1,1,1,1,1,1,1,1,1,1,2000
"EG-4-2",0,0,0.0779545860897551,0,0,0.0228857500446987,1,0.0461290899338459,0,0,0.0173431074557483,0,1,0,0,0.901483997854461,0.0461290899338459,0,0,0.0169855176112998,1,0.21705703558019,1,1,1,1,1,1,0,0,1,0.0230645449669229,0.023958519578044,0.0253888789558377,0.0230645449669229,0.0230645449669229,1,1,0.21705703558019,0.0237797246558198,0.0230645449669229,0.0230645449669229,2003
"EG-5-1",0.000768108149627468,0,0.0790383285966664,0.000384054074813734,0,0.0240417850833397,0.000307243259850987,0.0784238420769644,0,0,0.0142868115830709,0,0.000537675704739227,0,0,0.921268914663185,0.0784238420769644,0,0,0.0129042169137415,0.00606805438205699,0.00606805438205699,0.0202012443352024,0.0208157308549044,0.0761963284430448,0.076734004147784,1,1,0,0,0.673707658038252,0.0286504339811045,0.0257316230125202,0.0264229203471849,0.024272217528228,0.024272217528228,0.0248867040479299,1,0.197173362009371,0.0301866502803595,0.0286504339811045,0.0286504339811045,2005
"EG-5-2",0.000947777461851957,9.47777461851957e-05,0,0,0,0.0188607714908539,0.00066344422329637,0.10160174391053,0,0,0.00796133067955644,0,0.000284333238555587,0,0,0.00938299687233438,0.10160174391053,0,0,0.00824566391811203,0.00616055350203772,0.00616055350203772,0.0144062174201497,0.0148801061510757,0.075537863709601,0.0758221969481566,1,1,0,0,0.589991470002843,0.0241683252772249,0.0203772154298171,0.0201876599374467,0.0190503269832243,0.0190503269832243,1,1,0.189176381385651,0.0226518813382618,0.0241683252772249,0.0241683252772249,2008
"EG-6-1",0.000319386777387416,0,0.0738422229319706,0,0,0.0245289045033536,0.000127754710954966,0.112615777706803,0,0,0.0173746406898754,0,0.000127754710954966,0,0,0.000447141488342383,0.112615777706803,0,0,0.0176301501117854,0.00574896199297349,0.00568508463749601,0.0187160651549026,0.0206962631747046,0.0734589587991057,0.0734589587991057,1,1,0,0,0.407984669434685,0.662855317789844,0.0251676780581284,0.0254870648355158,0.024720536569786,0.024720536569786,1,0.0270201213669754,0.208559565633983,1,0.0260619610348132,0.0260619610348132,2014
"ET-4-1",0.000194590387234871,0,0.128137769994162,9.72951936174353e-05,0,0.105370694687682,0.00593500681066355,0.0883440358046313,0,0,0.0339560225724849,0,0.00233508464681845,0,0,0.0581825257832263,0.0883440358046313,0,0,0.0252967503405332,0.0586690017513135,0.0573068690406694,0.0832846857365246,0.0850359992216384,0.201303755594474,0.202276707530648,1,1,0,0,0.935979762599728,0.109359797625997,0.107024712979179,0.107511188947266,0.105565285074917,0.105565285074917,1,1,0.18816890445612,0.106051761043004,0.109359797625997,0.109359797625997,1992
"ET-5-1",0.00123102174805088,0.0170291341813705,0.105867870332376,0.000615510874025441,0,0.0988920804267542,0.00205170291341814,0.156955272876487,0,0,0.0824784571194091,0,0.00102585145670907,0,0,0.00718096019696348,0.156955272876487,0,0,0.0718096019696348,0.0475995075913008,0.0480098481739844,0.0978662289700451,0.0984817398440706,0.158186294624538,0.159622486663931,1,1,0,0,0.935781698810012,0.107714402954452,0.101354123922856,0.100943783340172,0.100738613048831,0.099097250718096,0.0995075913007796,1,0.192039392695938,0.0995075913007796,0.107714402954452,0.107714402954452,1997
"ET-6-1",0.00201101687505465,0.0128530208970884,0.000174871032613448,0.000174871032613448,0,0.114103348780275,0.00174871032613448,0.116289236687943,0.000174871032613448,0,0.0890967911165515,0,0.000612048614147067,0,0,0.00358485616857568,0.116289236687943,0,0,0.0822768208446271,0.0512372125557401,0.0514995191046603,0.113054122584594,0.113753606715048,0.198915799597797,0.200577074407624,0.340736207047303,0.34213517530821,0,0,0.917460872606453,0.584156684445222,0.116201801171636,0.11795051149777,0.114540526361808,0.114278219812888,0.114715397394422,0.125819707965376,0.225758503103961,1,0.117775640465157,0.117775640465157,2003
"ET-7-1",0,0,0.995534441805226,0,0,0.114679334916865,0.000855106888361045,0.134631828978622,0.000190023752969121,0,0.0995724465558195,0,9.50118764845606e-05,0,0,0.00437054631828979,0.134631828978622,0,0,0.093396674584323,0.0494061757719715,0.0495961995249406,0.129691211401425,0.130641330166271,0.209311163895487,0.215011876484561,0.407220902612827,0.407315914489311,0,0,0.813206650831354,0.577007125890736,0.116009501187648,0.115249406175772,0.114679334916865,0.114679334916865,0.114679334916865,0.126745843230404,0.265558194774347,0.114679334916865,0.114679334916865,0.114679334916865,2008
"GA-6-1",0.000908677873693776,0.152203543843707,0.206951385733757,0.00477055883689232,0,0.188777828259882,0.00976828714220809,0.076783280327124,0.000227169468423444,0,0.030213539300318,0,0.00386188096319855,0,0,0.00999545661063153,0.076783280327124,0,0,0.0256701499318492,0.15765561108587,0.162426169922762,0.17741935483871,0.179236710586097,0.547251249432076,0.565879145842799,1,1,0,0,0.320763289413903,0.733757383007724,0.200590640617901,0.199909132212631,0.189232167196729,0.189232167196729,0.189686506133576,0.205361199454793,0.748296228986824,1,0.20649704679691,0.20649704679691,2012
"GH-3-1",0.000486381322957198,1,0.000486381322957198,1,0,0,1,0.115758754863813,0,0,0.0447470817120623,0,1,0,0,0.136186770428016,0.115758754863813,0,0,0.0340466926070039,1,0.262645914396887,1,1,1,1,1,1,1,1,0.801070038910506,0.00389105058365759,0.00535019455252918,0.00972762645914397,0,0,1,1,0.262645914396887,0.000486381322957198,0.00389105058365759,0.00389105058365759,1994
"GH-4-1",0,1,0.000330469266358229,1,0,0,1,0.132187706543291,0.000660938532716457,0,0.0611368142762723,0,1,0,0,0.116655651024455,0.132187706543291,0,0,0.0522141440846001,1,0.282551222736286,1,1,1,1,1,1,1,1,0.801718440185063,0.0125578321216127,0.0218109715796431,0.0244547257105089,0,0,1,1,0.282551222736286,0.000660938532716457,0.0125578321216127,0.0125578321216127,1999
"GH-4-2",0.00127975428717686,0.0399283337599181,0.142308676734067,0.00102380342974149,0,0.1338622984387,0.00563091886357819,0.128487330432557,0.00153570514461223,0,0.0916304069618633,0,0.00230355771691835,0,0,0.132582544151523,0.128487330432557,0,0,0.0675710263629383,0.0752495520859995,0.0772971589454825,0.14102892244689,0.156130023035577,0.31584335807525,0.317890964934733,1,1,0,0,0.765293063731764,0.145636037880727,0.137957512157666,0.142308676734067,0.134374200153571,0.134374200153571,0.134630151011006,1,0.406705912464807,0.134630151011006,0.145636037880727,0.145636037880727,2003
"GH-5-2",0.00261780104712042,0.000327225130890052,0.000327225130890052,0.000327225130890052,0,0.137434554973822,0.00130890052356021,0.144306282722513,0.000327225130890052,0,0.0854057591623037,0,0.000981675392670157,0,0,0.00359947643979058,0.144306282722513,0,0,0.0759162303664921,0.0870418848167539,0.0870418848167539,0.134816753926702,0.137107329842932,0.326570680628272,0.330170157068063,1,1,0,0,0.647578534031414,0.148560209424084,0.139397905759162,0.140379581151832,0.137434554973822,0.137434554973822,0.138089005235602,0.144633507853403,0.480693717277487,0.137761780104712,0.148560209424084,0.148560209424084,2008
"GH-7-1",0,0,0.153530895334174,0,0,0.133669609079445,0.000630517023959647,0.0460277427490542,0,0,0.03562421185372,0,0.000315258511979823,0,0,0.00378310214375788,0.0460277427490542,0,0,0.0340479192938209,0.0835435056746532,0.0835435056746532,0.122950819672131,0.12421185372005,0.328499369482976,0.328499369482976,0.434426229508197,0.434426229508197,0,0,0.486128625472888,0.645018915510719,0.133669609079445,0.133669609079445,0.133669609079445,0.133669609079445,0.133984867591425,0.135876418663304,0.534047919293821,1,0.133984867591425,0.133984867591425,2014
"GN-4-1",0.0214285714285714,1,0.00793650793650794,1,0,0,1,0.4125,0.00158730158730159,0,0.0825396825396825,0,1,0,0,0.258928571428571,0.4125,0,0,0.0748015873015873,1,0.0888888888888889,1,1,1,1,1,1,1,1,0.591468253968254,0.0301587301587302,0.0251984126984127,0.0376984126984127,0.00158730158730159,0,1,1,0.0888888888888889,1,0.0301587301587302,0.0301587301587302,1999
"GN-5-1",0.00411392405063291,0.0642405063291139,0.141139240506329,0.00189873417721519,0,0.115506329113924,0.00284810126582278,0.145569620253165,0,0,0.0598101265822785,0,0.000949367088607595,0,0,0.136708860759494,0.145569620253165,0,0,0.054746835443038,0.0737341772151899,0.0740506329113924,0.120569620253165,0.120569620253165,0.231645569620253,0.234177215189873,1,1,0,0,0.632278481012658,0.124050632911392,0.123101265822785,0.12246835443038,0.115506329113924,0.115506329113924,0.115506329113924,1,0.180379746835443,0.118670886075949,0.124050632911392,0.124050632911392,2005
"GN-6-1",0,0,0.145661979304855,0.00132661183337755,0,0.132130538604404,0.00159193420005306,0.0647386574688246,0.000265322366675511,0,0.0260015919342001,0,0,0,0,0.0023879013000796,0.0647386574688246,0,0,0.025470947200849,0.102149111170072,0.102149111170072,0.127620058370921,0.129477314937649,0.264261077208809,0.265853011408862,1,1,0,0,0.621384982754046,0.591668877686389,0.13770230830459,0.137436985937915,0.132130538604404,0.132130538604404,1,0.14539665693818,0.238524807641284,1,0.139559564871319,0.139559564871319,2012
"GU-7-1",0.000394695295232081,0,0.0748342279760025,0,0,0.0618092832333439,0.00323650142090306,0.0371013577518156,0,0,0.0274707925481528,0,0.000157878118092832,0,0,0.000236817177139249,0.0371013577518156,0,0,0.0275497316071992,0.0337069782128197,0.0337859172718661,0.121171455636249,0.121250394695295,0.2962582886012,0.2962582886012,1,1,0,0,0.116908746447742,0.607988632775497,0.0622039785285759,0.0622829175876224,0.0620461004104831,0.0620461004104831,0.0627565519419009,0.0629933691190401,0.427455004736344,1,0.0629933691190401,0.0629933691190401,2015
"GY-5-3",0.00462768195204039,0.0399663441312579,0.00210349179638199,0.00294488851493479,0,0.169541438788389,0.0180900294488851,0.295330248212032,0.0012620950778292,0,0.218763146823727,0,0.00715187210769878,0,0,0.00715187210769878,0.295330248212032,0,0,0.213294068153134,0.0740429112326462,0.0954985275557425,0.1729070256626,0.176272612536811,0.332772402187631,0.427008834665545,0.558266722759781,0.561211611274716,0,0,0.320151451409339,0.242322254943206,0.183845183003786,0.183845183003786,0.170382835506942,0.169541438788389,0.172065628944047,0.187210769877997,0.5187210769878,0.169541438788389,0.242322254943206,0.242322254943206,2009
"HN-6-1",0.000517687661777394,0.0483175150992235,0.000172562553925798,0,0,0.13037100949094,0.00457290767903365,0.0607420189818809,8.6281276962899e-05,0,0.0532355478861087,0,0.000862812769628991,0,0,0.00163934426229508,0.0607420189818809,0,0,0.0500431406384814,0.0650560828300259,0.0656600517687662,0.113287316652286,0.113891285591027,0.325280414150129,0.32588438308887,1,1,0,0,1,1,1,1,1,1,1,1,1,1,1,1,2012
"HT-4-1",0.000748727163821503,0,0.15738244983528,0.000449236298292902,0,0.1476489967056,0.00284516322252171,0.0471698113207547,0.000299490865528601,0,0.0235100329439952,0,0.000449236298292902,0,0,0.127133872416891,0.0471698113207547,0,0,0.022911051212938,0.125935908954777,0.126834381551363,0.150344414495358,0.150943396226415,0.393081761006289,0.422431865828092,1,1,0,0,0.917789757412399,0.151392632524708,0.149445941898772,0.148547469302186,0.148098233003893,0.147798742138365,0.148098233003893,1,0.359988020365379,0.148697214734951,0.151392632524708,0.151392632524708,2000
"HT-5-1",0.0013527223537369,0,0.00574907000338181,0,0,0.14169766655394,0.00338180588434224,0.0321271559012513,0,0,0.00946905647615827,0,0.000676361176868448,0,0,0.00236726411903957,0.0321271559012513,0,0,0.00777815353398715,0.124450456543794,0.124788637132229,0.136624957727426,0.137639499492729,0.478863713222861,0.482583699695637,1,1,0,0,0.819749746364559,0.144064930672979,0.142035847142374,0.143050388907677,0.142035847142374,0.142035847142374,0.142035847142374,0.147108555968887,0.422049374365911,0.144064930672979,0.144064930672979,0.144064930672979,2006
"HT-6-1",0.00292214568983511,0.0530160718012941,0.169901899394698,0.00125234815278647,0,0.161135462325193,0.00292214568983511,0.0294301815904822,0.000208724692131079,0,0.0125234815278647,0,0.000208724692131079,0,0,0.00313087038196619,0.0294301815904822,0,0,0.0108536839908161,0.142558964725527,0.142558964725527,0.155917345021916,0.156543519098309,0.450010436234607,0.452306407848048,1,1,0,0,0.807347109163014,0.672510958046337,0.161761636401586,0.161761636401586,0.161344187017324,0.161344187017324,0.161344187017324,0.165101231475684,0.522646629096222,1,0.163431433938635,0.163431433938635,2012
"JO-4-1",0,0,0.0860232672456169,0,0,0.0444043912829756,0.000163853842372604,0.183844011142061,0,0,0.172538096018352,0,0,0,0,1,0.183844011142061,0,0,0.160085203998034,0.0129444535474357,0.0172046534491234,0.0614451908897264,0.0621006062592168,0.0693101753236113,0.102080943798132,1,1,0,0,0.0748812059642799,0.0452236604948386,0.0445682451253482,0.0445682451253482,0.0445682451253482,0.0445682451253482,0.0445682451253482,1,0.320825823365558,0.0445682451253482,0.0452236604948386,0.0452236604948386,2002
"JO-5-1",0,0,0.0764019570944674,0,0,0.0340609710199473,0.000188182160331201,0.152239367707941,0,0,0.0811065111027475,0,0.000188182160331201,0,0,1,0.152239367707941,0,0,0.0780955965374483,0.0105382009785472,0.0107263831388784,0.0622882950696274,0.0643582988332706,0.0592773805043282,0.0602182913059842,1,1,0,0,0.0457282649604817,0.0346255175009409,0.0346255175009409,0.0344373353406097,0.0340609710199473,0.0340609710199473,0.0340609710199473,1,0.244636808430561,0.0346255175009409,0.0346255175009409,0.0346255175009409,2007
"JO-6-2",0,0,0.0742294892200839,0,0,0.0393575459412531,0,0.0720590363189119,0,0,0.0551295036897699,0,0,0,0,1,0.0720590363189119,0,0,0.050933294747504,0.010562870785704,0.0104181739256258,0.0494863261467226,0.0504992041672696,0.0616408623932861,0.0617855592533642,1,1,0,0,0.0478946606858631,0.760960787150919,0.0395022428013312,0.0395022428013312,0.0393575459412531,0.0393575459412531,0.0393575459412531,1,0.209955143973376,1,0.0393575459412531,0.0393575459412531,2012
"KE-4-1",0.00584996558843771,0.0340674466620785,0.131968341362698,0.000860289057123193,0,0.110805230557467,0.0209910529938059,0.122849277357192,0.00103234686854783,0,0.0806951135581555,0,0.00120440467997247,0.000172057811424639,0,0.256538196834136,0.122849277357192,0,0,0.0674466620784584,0.063317274604267,0.0634893324156917,0.137474191328286,0.139194769442533,0.324156916724019,0.328802477632484,1,1,0,0,0.594287680660702,0.115966964900206,0.113041982105988,0.113041982105988,0.110805230557467,0.110805230557467,0.110977288368892,1,0.601342050929112,0.111321403991741,0.115966964900206,0.115966964900206,2003
"KE-5-1",0.000488360735796842,0.0156275435454989,0.000162786911932281,0,0,0.109555591730425,1,0.0932769005371968,0.000162786911932281,0,0.040045580335341,0,1,0,0,0.00537196809376526,0.0932769005371968,0,0,0.0353247598893049,1,0.593521080905095,1,1,1,1,1,1,0,0,0.575126159856748,0.125834282923653,0.111020673937815,0.111671821585545,0.109555591730425,0.109555591730425,0.110369526290086,0.113788051440664,0.593521080905095,0.109881165554289,0.125834282923653,0.125834282923653,2009
"KE-7-1",0.000275532696546657,0,0.133862968405584,0.000367376928728876,0,0.116412564290963,0.0142358559882439,0.0545554739162381,4.59221160911095e-05,0,0.0344875091844232,0,0.000505143277002204,0,0,0.00698016164584864,0.0545554739162381,0,0,0.0315025716385011,0.0777461425422483,0.0779298310066128,0.570077149155033,0.57035268185158,0.360993754592212,0.363106171932403,1,1,0,0,0.749035635562087,0.577700220426157,0.118065760470242,0.118203526818516,0.1167340191036,0.116688096987509,0.1167340191036,0.575955180014695,0.570949669360764,1,0.577700220426157,0.577700220426157,2014
"KH-4-1",0.000497636227917392,0,0.0378203533217218,0.00174172679771087,0,0.524508584224932,0.00522518039313262,0.103757153520776,0,0,0.0390644438915153,0,0.00223936302562827,0,0,0.253048021895994,0.103757153520776,0,0,0.0370738989798457,0.0181637223189848,0.0184125404329435,0.0320975367006718,0.0383179895496392,0.0681761632246828,0.0684249813386415,1,1,0,0,0.863150037322717,0.0465289873102762,0.0363274446379696,0.0383179895496392,0.0345857178402588,0.0343368997263001,0.0343368997263001,1,0.348842995770092,0.0360786265240109,0.0465289873102762,0.0465289873102762,2000
"KH-5-1",0.00312725523213856,0.0122684628337744,0,1,0,0.100312725523214,0.002165022853019,0.0726485446235266,0,0,0.0440221313447198,0,0.000721674284339668,0,0,1,0.0726485446235266,0,0,0.0358431561222035,0.0469088284820784,0.0473899446716382,0.0714457541496271,0.071686312244407,0.13014192927592,0.138561462593216,1,1,0,0,0.676208804426269,0.105845561703151,0.102237190281453,0.101034399807554,0.100312725523214,0.100312725523214,0.100312725523214,0.115467885494347,0.439980755352418,0.101996632186673,0.105845561703151,0.105845561703151,2006
"KH-6-1",0.00505863416877443,0,1,1,0,0.111060013796275,0.000459875833524948,0.0650724304437802,0,0,0.0331110600137963,0,0.000229937916762474,0,0,1,0.0650724304437802,0,0,0.0289721775120717,0.0687514371119798,0.0687514371119798,0.0970338008737641,0.0977236146240515,0.143021384226259,0.145780639227409,1,1,0,0,0.369510232237296,0.646125546102552,0.11243964129685,0.112899517130375,0.111060013796275,0.111060013796275,0.111289951713037,0.122326971717636,0.524948263968728,1,0.113589330880662,0.113589330880662,2011
"KH-7-1",0.00019105846388995,0,1,1,0,0.136988918609094,0,0.0599923576614444,0.00019105846388995,0,0.0349636988918609,0,0,0,0,1,0.0599923576614444,0,0,0.0299961788307222,0.0997325181505541,0.099923576614444,0.126671761559037,0.127627053878487,0.164119220481467,0.164692395873137,1,1,0,0,0.220099350401223,0.668895682078716,0.137753152464654,0.137179977072984,0.137179977072984,0.137179977072984,0.137371035536874,0.145013374092472,0.588077951853267,1,0.137753152464654,0.137753152464654,2014
"KM-6-1",0.00124416796267496,0.0547433903576983,1,0.0015552099533437,0,0.144945567651633,0.00653188180404355,0.195645412130638,0.00217729393468118,0,0.0771384136858476,0,0.00279937791601866,0,0,0.0438569206842924,0.195645412130638,0,0,0.0559875583203732,0.088646967340591,0.097045101088647,0.123172628304821,0.128149300155521,0.236702954898911,0.250388802488336,1,1,0,0,1,1,1,1,1,1,1,1,1,1,1,1,2012
"KY-6-1",0,0,0.176727726894255,0,0,0.137177352206495,0.00374687760199833,0.0503746877601998,0,0,0.0366361365528726,0,0.00312239800166528,0,0,0.00666111573688593,0.0503746877601998,0,0,0.0305995004163197,0.117610324729392,0.115945045795171,0.135512073272273,0.136344712739384,0.23834304746045,0.23834304746045,1,1,0,0,0.14300582847627,0.700874271440466,0.14029975020816,0.140924229808493,0.13759367194005,0.13759367194005,0.13759367194005,0.144671107410491,0.219608659450458,1,0.140924229808493,0.140924229808493,2012
"LB-5-1",0.00266267265768015,0.000332834082210018,0.000166417041105009,0.00116491928773506,0,0.215842902313197,0.0134797803295057,0.136961224829423,0,0,0.0765518389083042,0,0.00266267265768015,0,0,0.0101514395074056,0.136961224829423,0,0,0.0737227492095191,0.155932767515394,0.158429023131969,0.201031785654851,0.207688467299051,0.390247961391246,0.393742719254452,1,1,0,0,0.872524546513563,0.244633050424363,0.225661507738392,0.228157763354968,0.216342153436512,0.216009319354302,0.217007821600932,0.232318189382593,0.439340988517224,0.219836911299717,0.244633050424363,0.244633050424363,2007
"LB-6-2",0.00193657709997579,0.11280561607359,1,0.000726216412490922,0,0.194141854272573,0.00242072137496974,0.0614863229242314,0.000242072137496974,0,0.037521181312031,0,0.00121036068748487,0,0,0.0242072137496974,0.0614863229242314,0,0,0.0334059549745824,0.146695715323166,0.147664003873154,0.181796175260228,0.183006535947712,0.411764705882353,0.412490922294844,0.513919147906076,0.513919147906076,0,0,1,1,1,1,1,1,1,1,1,1,1,1,2013
"LS-4-1",0,0,0.275571002979146,0.00099304865938431,0,0.258192651439921,0.0431976166832175,0.180238331678252,0.0054617676266137,0,0.105759682224429,0,0,0,0,0.0829195630585899,0.180238331678252,0,0,0.100794438927507,0.155908639523337,0.155908639523337,0.266137040714995,0.267626613704071,0.448361469712016,0.448361469712016,1,1,0,0,0.538728897715988,0.262164846077458,0.26266137040715,0.263157894736842,0.258192651439921,0.258192651439921,0.258192651439921,1,0.825719960278054,0.258689175769613,0.262164846077458,0.262164846077458,2005
"LS-6-1",0.000783085356303837,0,0.000783085356303837,0.000783085356303837,0,0.330462020360219,0.0438527799530149,0.128425998433829,0,0,0.0974941268598277,0,0.000391542678151919,0,0,0.00822239624119029,0.128425998433829,0,0,0.0951448707909162,0.18363351605325,0.196554424432263,0.31636648394675,0.31832419733751,0.443617854346124,0.448316366483947,0.712999216914644,0.712999216914644,0,0,0.535238841033673,0.332811276429131,0.335552075176194,0.33476898981989,0.330462020360219,0.330462020360219,0.330462020360219,0.34494909945184,0.831245105716523,0.330462020360219,0.332811276429131,0.332811276429131,2010
"LS-7-1",0,0,0.365770171149144,0,0,0.324205378973105,0.058679706601467,0.0591687041564792,0,0,0.0298288508557457,0,0.000488997555012225,0,0,0.0102689486552567,0.0591687041564792,0,0,0.028361858190709,0.225916870415648,0.228361858190709,0.307090464547677,0.308068459657702,0.505134474327628,0.508068459657702,0.759902200488998,0.76039119804401,0,0,0.434718826405868,0.720293398533007,0.326161369193154,0.326161369193154,0.324694376528117,0.324694376528117,0.324694376528117,0.346699266503668,0.842542787286064,1,0.324694376528117,0.324694376528117,2014
"MA-4-1",0.000792393026941363,0.00063391442155309,0.0908082408874802,0.000158478605388273,0,0.0694136291600634,1,0.123771790808241,0,0,0.068621236133122,0,1,0,0,1,0.123771790808241,0,0,0.0675118858954041,1,0.232329635499208,1,1,1,1,1,1,0,0,0.571790808240887,0.0722662440570523,0.0706814580031696,0.0719492868462758,0.0697305863708399,0.0695721077654517,1,1,0.232329635499208,0.0708399366085578,0.0722662440570523,0.0722662440570523,2004
"MB-5-1",0.00111919418019026,0.0195858981533296,0.182988248461108,0.00111919418019026,0,0.149972020145495,0.00839395635142697,0.177392277560157,0,0,0.124790151091214,0,0.00223838836038053,0,0,1,0.177392277560157,0,0,0.122551762730834,0.0968102965864577,0.391158365976497,0.151650811415781,0.151650811415781,0.256855064353665,1,1,1,0,0,0.153329602686066,0.151650811415781,0.152210408505876,0.15053161723559,0.15053161723559,0.149972020145495,0.149972020145495,1,0.391158365976497,0.151091214325686,0.151650811415781,0.151650811415781,2005
"MD-3-1",0.000299490865528601,1,0.000299490865528601,1,0,0,1,0.130278526504942,0.00209643605870021,0,0.0730757711889787,0,1,0,0,0.0985324947589098,0.130278526504942,0,0,0.0634920634920635,1,0.400119796346211,1,1,1,1,1,1,1,1,0.642108415693321,0.00569032644504343,0.0146750524109015,0.0194669062593591,0,0,1,1,0.400119796346211,0,0.00569032644504343,0.00569032644504343,1997
"MD-5-1",0.00062392762439557,0.0166900639525815,0,0,0,0.136328185930432,0.0120106067696147,0.159413508033068,0,0,0.0446108251442833,0,0.00124785524879114,0,0,0.00717516768054906,1,0,0,1,0.0751832787396662,0.0889096864763687,0.127905163001092,0.128841054437685,0.249415067852129,0.279207611917018,1,1,0,0,1,1,1,1,1,1,1,1,1,1,1,1,2009
"ML-3-1",0.0055364642993509,1,0.00420007636502482,1,0,0,1,0.1061473844979,0.000763650248186331,0,0.0446735395189003,0,1,0,0,0.00840015273004964,0.1061473844979,0,0,0.039327987781596,1,0.100229095074456,1,1,1,1,1,1,1,1,0.786177930507827,0.0316914852997327,0.0145093547155403,0.0164184803360061,0,0,1,1,0.100229095074456,0.00572737686139748,0.0316914852997327,0.0316914852997327,1996
"ML-4-1",0.00131643903241731,0.000329109758104328,0.143327299654435,0.00189238110909988,0,0.126295869672536,0.00658219516208656,0.167516866875103,0.0018101036695738,0,0.0980747079150897,0,0.00394931709725193,0,0,0.282129340134935,0.167516866875103,0,0,0.108194832976798,0.0589929241402008,0.0603916406121442,0.133124897153201,0.147688003949317,0.17113707421425,0.17829521145302,1,1,0,0,0.823844001974659,0.152789205199934,0.132384400197466,0.133536284350831,0.12810597334211,0.126460424551588,1,1,0.206187263452361,0.129340134935001,0.152789205199934,0.152789205199934,2001
"ML-5-1",0.00281418943938384,0,1,0.000444345700955343,0,0.111975116640746,0.00296230467303562,0.13011923276309,0.000518403317781234,0,0.0535436569651189,0,0.00111086425238836,0,0,0.00585055172924535,0.13011923276309,0,0,0.0536177145819448,0.0563578464045027,0.0639857809375694,0.0949418647707917,0.100274013182256,0.161593719914093,0.171073094867807,1,1,0,0,1,1,1,1,1,1,1,1,1,1,1,1,2006
"ML-6-2",0,0,1,0,0,0.13125,0.000178571428571429,0.131964285714286,0.00232142857142857,0,0.0766071428571429,0,0,0,0,0.0276785714285714,0.131964285714286,0,0,0.0691071428571429,0.0616071428571429,0.0623214285714286,0.127678571428571,0.135714285714286,0.1425,0.149285714285714,1,1,0,0,1,1,1,1,1,1,1,1,1,1,1,1,2013
"MM-7-1",0,0,0.155644241733181,0,0,0.134929684530597,0.00114025085518814,0.108893956670468,0.000190041809198024,0,0.0948308627898138,0,0.000380083618396047,0,0,0.00760167236792094,0.108893956670468,0,0,0.0763968072976055,0.0796275180539719,0.08076776890916,0.126187761307488,0.12694792854428,0.209045990117826,0.2115165336374,1,1,0,0,0.623337134169517,0.599391866210566,0.135499809958191,0.135689851767389,0.135309768148993,0.135309768148993,0.135309768148993,0.139870771569745,0.53458760927404,1,0.135309768148993,0.135309768148993,2016
"MW-4-1",0.00116518777449135,0.000179259657614054,0.126736577933136,0.000358519315228108,0,0.10522541901945,0.00492964058438648,0.0966209554539751,0,0,0.0373756386125303,0,0.000537778972842162,0,0,0.0771712826028502,0.0966209554539751,0,0,0.029757103163933,0.0674016312628843,0.0674016312628843,0.0977861432284664,0.099668369633414,0.297033252666487,0.299005108900242,1,1,0,0,0.578381285291745,0.107645424397239,0.106300976965134,0.10612171730752,0.10522541901945,0.10522541901945,0.105404678677064,1,0.481670700008963,0.105763197992292,0.107645424397239,0.107645424397239,2000
"MW-4-2",0.000549802987262897,0.000183267662420966,0.134976633373041,0.000366535324841932,0,0.124530376615046,0.00394025474205077,0.185558508201228,0.000274901493631449,0,0.118574177586365,0,0.00064143681847338,0,0,0.106570145697792,0.185558508201228,0,0,0.0962155227710071,0.0744066709429121,0.0743150371117016,0.162558416567397,0.163291487217081,0.277467240905342,0.279299917529552,1,1,0,0,0.569504260973151,0.127279391551361,0.12517181343352,0.125355081095941,0.124530376615046,0.124530376615046,0.12709612388894,1,0.510033904517548,0.124622010446257,0.127279391551361,0.127279391551361,2005
"MW-6-1",0.000359453630481668,0,0.104241552839684,0.000179726815240834,0,0.0939971243709561,0.00161754133716751,0.13353702372394,0.000179726815240834,0,0.0790797987059669,0,0.000359453630481668,0,0,0.00539180445722502,0.13353702372394,0,0,0.0666786484543494,0.0514018691588785,0.0517613227893602,0.0979511143062545,0.101725377426312,0.169482386772106,0.17235801581596,1,1,0,0,0.411214953271028,0.106398274622574,0.0961538461538462,0.0961538461538462,0.0939971243709561,0.0939971243709561,0.094176851186197,0.099568655643422,0.577821710999281,0.0943565780014378,0.106398274622574,0.106398274622574,2010
"MW-7-2",0,0,1,0,0,0.118677361270257,0.00327385824193812,0.0707153380258635,0.00114585038467834,0,0.0394499918153544,0,0.000163692912096906,0,0,0.00638402357177934,0.0707153380258635,0,0,0.0369945981339008,0.0843018497299067,0.0851203142903912,0.11851366835816,0.119659518742838,0.361761335734163,0.36880013095433,1,1,0,0,0.251759698805042,0.647241774431167,0.122114912424292,0.119823211654935,0.118677361270257,0.118677361270257,0.118677361270257,0.121787526600098,0.605009003110165,0.118677361270257,0.118677361270257,0.118677361270257,2016
"MZ-6-1",0,9.09173561232839e-05,1,0.0638239839985453,0,0.107100645513228,0.00372761160105464,0.0647331575597782,0.00800072733884899,0,0.0140012728429857,0,0,0,0,0.0232748431675607,0.0647331575597782,0,0,0.0124556777888899,0.0860987362487499,0.0873715792344759,0.102282025638694,0.102918447131557,0.379943631239204,0.384762251113738,1,1,0,0,1,1,1,1,1,1,1,1,1,1,1,1,2011
"NG-2-1",0.000257433389110568,1,0,1,0,0,1,0.291672029862273,0.00231690050199511,0,0.208907195263226,0,1,0,0,0.140301197065259,0.291672029862273,0,0,0.209164628652336,1,0.263483073754666,1,1,1,1,1,1,1,1,0.873728922641267,0.0738833826747329,0.133221778864719,0.132320762002832,0.000257433389110568,0,1,1,0.263483073754666,0,0.0738833826747329,0.0738833826747329,1990
"NG-4-2",0.00106401844298634,0,0.135839687887923,0.00106401844298634,0,0.122716793757758,0.00532009221493173,0.17769107997872,0.00159602766447952,0,0.0707572264585919,0,0.00372406455045221,0,0,0.300762546550807,0.17769107997872,0,0,0.0668558255009754,0.0643731158006739,0.066678489093811,0.121475438907608,0.122007448129101,0.168646923213336,0.177336407164391,1,1,0,0,0.862209611633268,0.131760950523142,0.126795531122539,0.127682213158361,0.123958148607909,0.122894130164923,0.124844830643731,1,0.367263699237453,0.12519950345806,0.131760950523142,0.131760950523142,2003
"NG-5-1",0.00419194704908991,3.67714653428939e-05,0.00066188637617209,0.000330943188086045,0,0.104173561316418,0.00227983085125942,0.232873690016547,0.00415517558374701,0,0.0667034381320096,0,0.00290494576208862,3.67714653428939e-05,0,0.0163265306122449,0.232873690016547,0,0,0.0607464607464607,0.0697922412208127,0.0708953851810995,0.113476742048171,0.116565545136974,0.157234785806214,0.165802537231109,1,1,0,0,0.855341055341055,0.13609119323405,0.111086596800883,0.111711711711712,0.104835447692591,0.10432064717779,0.105276705276705,0.120904578047435,0.346791689648833,0.106343077771649,0.13609119323405,0.13609119323405,2008
"NG-6-2",0.00123436196830692,0.00667222685571309,1,0.00176814011676397,0,0.0873060884070058,0.00190158465387823,0.125504587155963,0.00163469557964971,0,0.0430025020850709,0,0.000767306088407006,6.67222685571309e-05,0,0.0114762301918265,0.125504587155963,0,0,0.0380984153461218,0.0620517097581318,0.0705254378648874,0.0914762301918265,0.0926772310258549,0.168407005838199,0.175212677231026,1,1,0,0,1,1,1,1,1,1,1,1,1,1,1,1,2013
"NI-2-1",0.00658480156611497,1,0.00498309307705997,1,0,0,1,0.269620928990924,0.0142374087915999,0,0.129560420003559,0,1,0,0,0.231357892863499,0.269620928990924,1,1,0.103577148958889,1,0.108560242035949,1,1,1,1,1,1,1,1,0.701370350596191,0.00605089873642997,0.0320341697810998,0.0300765260722549,0,0,1,1,0.108560242035949,0.00231357892863499,0.00605089873642997,0.00605089873642997,1992
"NI-3-1",0.00282552389922298,1,0.00329644454909348,1,0,0,1,0.0852366376265599,0.00541558747351071,0,0.0496821285613374,0,1,0,0,0.162703084530257,0.0852366376265599,0,0,0.0390864139392512,1,0.109489051094891,1,1,1,1,1,1,1,1,0.7581822462915,0.00894749234753944,0.0195432069696256,0.0207205085943019,0,0,1,1,0.109489051094891,0.00141276194961149,0.00894749234753944,0.00894749234753944,1998
"NM-4-1",0.00383920505871725,0,0.316621499548329,0.00022583559168925,0,0.28929539295393,0.0372628726287263,0.101851851851852,0.00474254742547425,0.0004516711833785,0.0471996386630533,0,0.00813008130081301,0,0,0.496386630532972,0.101851851851852,0,0,0.0476513098464318,0.227190605239386,0.22583559168925,1,1,0.650180668473351,0.648599819331527,1,1,0,0,0.505420054200542,0.301038843721771,0.296747967479675,0.29810298102981,0.290424570912376,0.289747064137308,0.290198735320687,1,0.658084914182475,0.292682926829268,0.301038843721771,0.301038843721771,2000
"NM-5-1",0.000887941751021133,0.120227313088261,0,0,0,0.308648552654946,0.0198898952228734,0.100692594565796,0.00408453205469721,0,0.0546972118629018,0,0.00639318060735216,0.000177588350204227,0,0.0170484816196058,0.100692594565796,0,0,0.0511454448588173,0.247380571834488,0.250932338838572,0.283253418575741,0.287693127330847,0.656011365654413,0.662404546261765,1,1,0,0,0.465103889184869,0.330136743029657,0.312377908009235,0.312022731308826,0.30882614100515,0.308648552654946,0.309358906055763,0.320191795418221,0.649795773397265,0.308648552654946,0.330136743029657,0.330136743029657,2007
"NM-6-1",0.000343524562006183,0.00103057368601855,0.34833390587427,0.0020611473720371,0,0.331844726897973,0.0113363105462041,0.110614908965991,0,0,0.0587427001030574,0,0.00240467193404328,0,0,0.0127104087942288,0.110614908965991,0,0,0.0693919615252491,0.264857437306767,0.267605633802817,0.32944005496393,0.329783579525936,0.67502576434215,0.679835108210237,0.744761250429406,0.744761250429406,0,0,0.422535211267606,0.742013053933356,0.335967021642047,0.335967021642047,0.331844726897973,0.331844726897973,0.332875300583992,0.363448986602542,0.604603229130883,1,0.335967021642047,0.335967021642047,2013
"NP-4-1",0,0,0.132547441058079,0.000287521564117309,0,0.0851063829787234,1,0.0679988499137435,0,0,0.0526164462334675,0,1,0,0,0.305204140310523,0.0679988499137435,0,0,0.0448533640023002,1,0.21362852213916,1,1,1,1,1,1,0,0,1,0.0859689476710753,0.0881253594019552,0.0882691201840138,0.0855376653248994,0.0855376653248994,0.0855376653248994,1,0.21362852213916,0.0858251868890167,0.0859689476710753,0.0859689476710753,2001
"NP-5-1",0.000169176112332939,0,0,0,0,0.0874640500761293,0.000169176112332939,0.0617492810015226,0,0,0.0507528336998816,0,0,0,0,0,0.0617492810015226,0,0,0.0438166130942311,0.024699712400609,0.024699712400609,0.063271866012519,0.063441042124852,0.338013872441211,0.338183048553544,1,1,0,0,0.847572322788022,0.0883099306377939,0.0884791067501269,0.0884791067501269,0.0879715784131281,0.0879715784131281,0.0879715784131281,0.093554390120115,0.304347826086957,0.0886482828624598,0.0883099306377939,0.0883099306377939,2006
"NP-6-1",0,0,0.126592049401775,0,0,0.0764183712852181,0.000771902740254728,0.0478579698957931,0,0,0.0351215746815901,0,0.00115785411038209,0,0,0,0.0478579698957931,0,0,0.0316480123504438,0.025472790428406,0.025472790428406,0.0567348514087225,0.0567348514087225,0.388653029718255,0.389038981088383,1,1,0,0,0.661520648398302,0.448861443458124,0.0768043226553454,0.0768043226553454,0.0768043226553454,0.0768043226553454,0.0768043226553454,0.0798919336163643,0.35584716325743,1,0.0768043226553454,0.0768043226553454,2011
"PE-4-1",0.0306349084782109,1,0.0305583212070154,1,0,0,1,0.116872175844375,0.000459523627173164,0,0.101018610706901,0,1,0,0,0.487707742973118,0.116872175844375,0,0,0.0933598835873478,1,0.442444665696561,1,1,1,1,1,1,1,1,0.310714559240254,0.00199126905108371,0.00880753618748564,0.00896071072987669,0,0,1,1,0.442444665696561,0.000612698169564218,0.00199126905108371,0.00199126905108371,2000
"PE-5-1",0.0235973994702625,0.0320250421382133,0.000120394895256441,0.000120394895256441,0,0.090898145918613,0.00373224175294968,0.111726462797977,0,0,0.102817240549001,0,0.000601974476282206,0,0,0.000722369371538647,0.111726462797977,0,0,0.0937876234047676,0.0408138694919335,0.0416566337587286,0.101613291596436,0.102094871177462,0.207921984107874,0.216349626775825,1,1,0,0,0.244401637370575,0.0913797254996388,0.0916205152901517,0.0912593306043824,0.0910185408138695,0.0910185408138695,0.0910185408138695,0.0913797254996388,0.469299301709607,0.0910185408138695,0.0913797254996388,0.0913797254996388,2008
"PE-5-3",0,0,0.917220091665887,0,0,0.0724908801795903,0.00252548872883734,0.0718361238424843,9.35366195865681e-05,0,0.0648208773734917,0,0.000561219717519409,0,0,0.000561219717519409,0.0718361238424843,0,0,0.0612664858292021,0.0359180619212422,0.0373211112150407,0.073426246375456,0.0735197829950426,0.201197268730708,0.206154709568796,1,1,0,0,1,1,1,1,1,1,1,1,1,1,1,1,2009
"RW-5-1",0.00145772594752187,0.0182215743440233,0.0811467444120505,0,0,0.0753158406219631,0.00704567541302235,0.0634110787172012,0,0,0.0228377065111759,0,0.000485908649173955,0,0,0.0420310981535471,0.0634110787172012,0,0,0.021622934888241,0.0512633624878523,0.0519922254616132,0.076287657920311,0.0775024295432459,0.239310009718173,0.243197278911565,1,1,0,0,0.702866861030126,0.0843051506316812,0.0779883381924198,0.0784742468415938,0.076530612244898,0.076530612244898,0.0770165208940719,1,0.510689990281827,0.0789601554907677,0.0843051506316812,0.0843051506316812,2005
"RW-6-1",0.00736278447121821,0.0227576974564926,0.0861222668451584,0.000669344042838019,0,0.0774207942882642,0.00914770191878626,0.0227576974564926,0,0,0.00468540829986613,0,0.000669344042838019,0,0,0.00111557340473003,0.0227576974564926,0,0,0.00446229361892013,0.0618027666220437,0.0624721106648818,0.0689424364123159,0.0691655510932619,0.28714859437751,0.28937974118697,0.306336456938867,0.307005800981705,0,0,0.36144578313253,0.529674252565819,0.0783132530120482,0.0787594823739402,0.0778670236501562,0.0778670236501562,0.0778670236501562,0.0787594823739402,0.538375725122713,1,0.0809906291834003,0.0809906291834003,2011
"RW-7-1",0.0010183299389002,0,0.0873217922606925,0.000254582484725051,0,0.0796843177189409,0.00687372708757637,0.0295315682281059,0,0,0.00407331975560081,0,0.0010183299389002,0,0,0.0010183299389002,0.0295315682281059,0,0,0.00305498981670061,0.0667006109979633,0.0667006109979633,0.0730651731160896,0.0730651731160896,0.279531568228106,0.279786150712831,1,1,0,0,0.143584521384929,0.519857433808554,0.0796843177189409,0.0804480651731161,0.079938900203666,0.0796843177189409,0.0796843177189409,0.0807026476578411,0.568482688391039,1,0.0822301425661914,0.0822301425661914,2015
"SL-5-1",0.00339192106074622,0.0299105766265803,0.000616712920135677,0.00154178230033919,0,0.260252852297256,0.0138760407030527,0.189330866481653,0.000308356460067838,0,0.0884983040394696,0,0.0080172679617638,0,0,0.0456367560900401,0.189330866481653,0,0,0.0884983040394696,0.182238667900092,0.184397163120567,0.27104532839963,0.290163428923836,0.315140302189331,0.322849213691027,1,1,0,0,0.702436016034536,0.322540857230959,0.278754239901326,0.280912735121801,0.260252852297256,0.260252852297256,0.263644773358002,0.289855072463768,0.381128584643848,0.261177921677459,0.322540857230959,0.322540857230959,2008
"SL-6-1",0.00364558567126327,0.142970359803455,1,0.00158503724837534,0,0.212236487557458,0.00364558567126327,0.190996988429228,0.00110952607386274,0,0.0613409415121255,0,0.00174354097321287,0,0,0.0217150103027421,0.190996988429228,0,0,0.0518307180218735,0.179584720240926,0.182120779838326,0.216991599302584,0.219369155175147,0.373751783166904,0.376921857663655,0.461879854176573,0.462830876525598,0,0,1,1,1,1,1,1,1,1,1,1,1,1,2013
"SN-2-1",0.00312256049960968,1,0.00234192037470726,1,0,0,1,0.245706479313037,0.00214676034348166,0,0.0895784543325527,0,1,0,0,0.321623731459797,0.245706479313037,1,1,0.0788446526151444,1,0.126463700234192,1,1,1,1,1,1,1,1,0.7339968774395,0.00526932084309133,0.0429352068696331,0.0437158469945355,0,0,1,1,0.126463700234192,0.000975800156128025,0.00526932084309133,0.00526932084309133,1993
"SN-4-2",0.00532907007727152,0.00239808153477218,0.20490274447109,0,0,0.164401811883826,0.00612843058886224,0.184385824673594,0.00479616306954436,0,0.140953903543832,0,0.00373034905409006,0,0,0.402078337330136,0.184385824673594,0,0,0.135891286970424,0.0780708766320277,0.0783373301358913,0.21236344257927,0.217426059152678,0.389555022648548,0.399147348787637,1,1,0,0,0.618705035971223,0.172928324007461,0.171063149480416,0.169997335464961,0.165734079403144,0.164401811883826,0.165734079403144,1,0.3189448441247,0.169464428457234,0.172928324007461,0.172928324007461,2005
"SN-6-1",0,0,1,0,0,0.170100058858152,0.000392387679026879,0.239160290366882,0.00156955071610751,0,0.127329801844222,0,0.000588581518540318,0,0,0.00745536590151069,0.239160290366882,0,0,0.122817343535413,0.087110064743967,0.0941730429664508,0.193839513439278,0.195212870315872,0.387875220718069,0.404944084755739,0.564057288601138,0.56758877771238,0,0,1,1,1,1,1,1,1,1,1,1,1,1,2011
"SN-6-2",0,0,0.176898777640434,0,0,0.149292679576981,0.000274687542919929,0.107677516824612,0.000686718857299821,0,0.0612553220711441,0,0,0,0,0.003845625600879,0.107677516824612,0,0,0.061530009614064,0.0671611042439225,0.0725175113308612,1,1,0.363548963054525,0.38428787254498,1,1,0,0,0.569564620244472,0.65526713363549,0.151627523691801,0.151490179920341,0.149430023348441,0.149430023348441,0.149430023348441,0.15313830517786,0.30833676692762,1,0.149430023348441,0.149430023348441,2013
"SN-7-2",0,0.000688515560451666,0.155604516662077,0,0,0.131093362709997,0.000137703112090333,0.061140181768108,0.000550812448361333,0,0.029330762875241,0,0,0,0,0.00137703112090333,0.061140181768108,0,0,0.029743872211512,0.0771137427705866,0.0820710548058386,1,1,0.397961993941063,0.419994491875516,1,1,0,0,0.580005508124484,0.653263563756541,0.134535940512256,0.133709721839714,0.131506472046268,0.131506472046268,1,0.135775268521069,0.311071330212063,1,0.131506472046268,0.131506472046268,2015
"SN-7-3",0,0,0.853579481397971,0,0,0.13401916572717,0.00056369785794814,0.064684329199549,0.000704622322435175,0,0.0357948139797069,0,0,0,0,0.128382187147689,0.064684329199549,0,0,0.0360766629086809,0.0703213077790304,0.0784949267192785,1,1,0.395997745208568,0.415586245772266,1,1,0,0,0.582863585118377,0.659808342728298,0.136837655016911,0.144165727170237,0.134160090191657,0.134160090191657,1,0.138951521984216,0.312852311161218,1,0.134160090191657,0.134160090191657,2016
"SZ-5-1",0.0013080444735121,0.000327011118378025,0,0,0,0.28646173969915,0.0120994113799869,0.107259646827992,0,0,0.0644211903204709,0,0.00327011118378025,0,0,0.00621321124918247,0.107259646827992,0,0,0.0634401569653368,0.242642249836494,0.243950294310007,0.287442773054284,0.287769784172662,0.707325049051668,0.711249182472204,0.785153695225638,0.785153695225638,0,0,0.404512753433617,0.335840418574232,0.28809679529104,0.290712884238064,0.286788750817528,0.286788750817528,0.287115761935906,0.292674950948332,0.659254414650098,0.286788750817528,0.335840418574232,0.335840418574232,2007
"TD-7-1",0.00401639344262295,0,0.999508196721312,0.000983606557377049,0,0.116639344262295,0.00155737704918033,0.118934426229508,0.000163934426229508,0,0.0613114754098361,0,0.000819672131147541,0,0,0.0519672131147541,0.118934426229508,0,0,0.0552459016393443,0.0595901639344262,0.060983606557377,0.104344262295082,0.107131147540984,0.193688524590164,0.200409836065574,1,1,0,0,0.909508196721311,0.648360655737705,0.120327868852459,0.120819672131148,0.116803278688525,0.116803278688525,1,0.157704918032787,0.250409836065574,1,0.128524590163934,0.128524590163934,2015
"TG-0-1",0.00224466891133558,1,0.00112233445566779,1,0,0,1,0.216610549943883,1,1,0.0387205387205387,0,1,0,1,1,0.216610549943883,1,1,0.0409652076318743,1,0.217732884399551,1,1,1,1,1,1,1,1,1,0.00280583613916947,0.00785634118967452,1,0,0,1,1,0.217732884399551,0.00673400673400673,0.00280583613916947,0.00280583613916947,1988
"TG-3-1",0.00725200725200725,1,0.00362600362600363,1,0,0,1,0.111370111370111,0.000259000259000259,0,0.0256410256410256,0,1,0,0,1,0.111370111370111,0,0,0.0168350168350168,1,0.212898212898213,1,1,1,1,1,1,1,1,0.734006734006734,0.0113960113960114,0.00595700595700596,0.0113960113960114,0.000259000259000259,0,1,1,0.212898212898213,0.00129500129500129,0.0113960113960114,0.0113960113960114,1998
"TG-6-1",0,0,0.130787977254265,0.00108313024641213,0,0.112645545626862,0.000812347684809098,0.0438667749796913,0,0,0.0265366910370972,0,0.000270782561603033,0,0,0.00324939073923639,0.0438667749796913,0,0,0.0257243433522881,0.0731112916328188,0.0736528567560249,0.107229894394801,0.108854589764419,0.265366910370972,0.265908475494178,1,1,0,0,0.48307608989981,0.613864067154075,0.113999458434877,0.11427024099648,0.113457893311671,0.113457893311671,0.113457893311671,0.132954237747089,0.413214189006228,1,0.118331979420525,0.118331979420525,2014
"TJ-6-1",0.0010183299389002,0,0.0881873727087576,0.000407331975560081,0,0.0663951120162933,0.00183299389002037,0.0865580448065173,0,0,0.0411405295315682,0,0.000203665987780041,0,0,0.010183299389002,0.0865580448065173,0,0,0.0384928716904277,0.019959266802444,0.019959266802444,0.0572301425661914,0.0582484725050917,0.119755600814664,0.119755600814664,1,1,0,0,0.20162932790224,0.683910386965377,0.0692464358452139,0.0690427698574338,0.0663951120162933,0.0663951120162933,0.0663951120162933,0.113441955193483,0.429735234215886,1,0.0706720977596741,0.0706720977596741,2012
"TL-6-1",0,0.0181782060196682,0,0,0,0.0951624118406675,0.00019866891824774,0.191417502731698,0.00019866891824774,0,0.121486043508493,0,0,0,0,0.00874143240290057,0.191417502731698,0,0,0.0890036753749876,0.0451971789013609,0.0451971789013609,0.0976457733187643,0.0985397834508791,0.108373894904142,0.108771232740638,1,1,0,0,0.779477500745008,0.103009834111453,0.0967517631866495,0.0962550908910301,0.0952617462997914,0.0952617462997914,0.0952617462997914,0.097844442237012,0.456243170755935,0.0952617462997914,0.103009834111453,0.103009834111453,2010
"TZ-4-1",0.0737822349570201,1,0.0737822349570201,1,0,0,1,0.115687679083095,0.000358166189111748,0,0.0902578796561605,0,1,0,0,0.268266475644699,0.115687679083095,0,0,0.0859598853868195,1,0.556948424068768,1,1,1,1,1,1,1,1,0.549068767908309,0.00573065902578797,0.0522922636103152,0.0530085959885387,0.000358166189111748,0,1,1,0.556948424068768,0.000716332378223496,0.00573065902578797,0.00573065902578797,1999
"TZ-6-1",0.00247739378174161,0.0535117056856187,1,0,0,0.141087575870185,0.00346835129443825,0.090920351789917,0.00012386968908708,0,0.0654031958379784,0,0.000867087823609563,0,0,0.00148643626904496,0.090920351789917,0,0,0.0628019323671498,0.0867087823609563,0.0879474792518271,0.135389570172179,0.136256657995788,0.267930137495355,0.269664313142574,1,1,0,0,1,1,1,1,1,1,1,1,1,1,1,1,2010
"TZ-7-2",0,9.1751536838242e-05,0.994311404716029,0,0,0.154693091109276,0.00256904303147078,0.0621157904394899,0,0,0.0449582530507386,0,9.1751536838242e-05,0,0,0,0.0621157904394899,0,0,0.0438572346086797,0.0998256720800073,0.0998256720800073,0.142673639783466,0.143040645930819,0.292687402513992,0.292687402513992,1,1,0,0,0.478392513074594,0.663455362877328,0.155794109551335,0.15551885494082,0.154693091109276,0.154693091109276,0.154693091109276,0.157170382603909,0.672355261950638,0.154693091109276,0.154693091109276,0.154693091109276,2016
"UG-4-1",0.00272217774219375,0.000160128102481986,0.205444355484387,0.000800640512409928,0,0.176301040832666,0.00736589271417134,0.203682946357086,0.0011208967173739,0,0.149239391513211,0,0.00160128102481986,0,0,0.0339471577261809,0.203682946357086,0,0,0.133386709367494,0.0943154523618895,0.0975180144115292,0.204483586869496,0.206084867894315,0.270296236989592,0.285668534827862,1,1,0,0,0.726180944755805,0.18062449959968,0.181104883907126,0.180944755804644,0.176301040832666,0.176301040832666,0.17662129703763,1,0.564771817453963,0.177101681345076,0.18062449959968,0.18062449959968,2001
"UG-5-1",0.000725426187885383,0.054044250997461,0,0,0,0.159956474428727,0.00797968806673921,0.108813928182807,0,0,0.073993471164309,0,0.00326441784548422,0,0,0.00398984403336961,0.108813928182807,0,0,0.0707290533188248,0.0964816829887559,0.102285092491839,0.146173376858905,0.146173376858905,0.317011244105912,0.32752992383025,0.430903155603917,0.43126586869786,0,0,0.71019223793979,0.168661588683351,0.16177003989844,0.162132752992383,0.159956474428727,0.159956474428727,0.159956474428727,0.166848023213638,0.531737395719985,0.160681900616612,0.168661588683351,0.168661588683351,2006
"UG-6-1",0.0011441647597254,0,0.18001525553013,0,0,0.167048054919908,0.0026697177726926,0.107932875667429,0.0003813882532418,0,0.0690312738367658,0,0.0007627765064836,0,0,0.0015255530129672,0.107932875667429,0,0,0.0652173913043478,0.102593440122044,0.102593440122044,0.151411136536995,0.153318077803204,0.327612509534706,0.330282227307399,0.448131197559115,0.448893974065599,0,0,0.554538520213577,0.676582761250954,0.167810831426392,0.168192219679634,0.167810831426392,0.16742944317315,0.16742944317315,0.170480549199085,0.582761250953471,1,0.168192219679634,0.168192219679634,2011
"ZM-5-1",0.00558659217877095,0,0.00124146492861577,0.000155183116076971,0,0.12756052141527,0.0026381129733085,0.124922408441962,0,0,0.0729360645561763,0,0.000155183116076971,0,0,0.00775915580384854,0.124922408441962,0,0,0.0659528243327126,0.0664183736809435,0.0671942892613284,0.121353196772191,0.12243947858473,0.284450651769088,0.288330229671012,1,1,0,0,0.562073246430788,0.133457479826195,0.130043451272502,0.129267535692117,0.127715704531347,0.127715704531347,0.128646803227809,0.132216014897579,0.700341402855369,0.128336436995655,0.133457479826195,0.133457479826195,2007
"ZM-6-1",0.00157097972007998,7.14081690945444e-05,0.141673807483576,0.0012853470437018,0,0.123393316195373,0.00314195944015995,0.111825192802057,7.14081690945444e-05,0,0.077120822622108,0,0.0006426735218509,0,0,0.0169951442445016,0.111825192802057,0,0,0.0684090259925735,0.0648386175378463,0.0666952299343045,0.118966009711511,0.119965724078835,0.294701513853185,0.297914881462439,1,1,0,0,0.410811196800914,0.13638960297058,0.126321051128249,0.127035132819195,0.123607540702656,0.123607540702656,0.123678948871751,0.137603541845187,0.676806626678092,0.125321336760925,0.13638960297058,0.13638960297058,2014
"ZW-4-1",0.00210637177461822,0,0.243285939968404,0.000263296471827277,0,0.19536598209584,0.0247498683517641,0.180094786729858,0.000789889415481833,0,0.107424960505529,0,0.00394944707740916,0,0,0.250658241179568,0.180094786729858,0,0,0.102422327540811,0.146656134807794,0.148235913638757,0.225118483412322,0.225645076355977,0.482359136387572,0.4855186940495,1,1,0,0,0.401263823064771,0.214323328067404,0.214849921011058,0.21563981042654,0.211427066877304,0.211427066877304,0.212216956292786,1,0.659031068983676,0.211690363349131,0.214323328067404,0.214323328067404,1999
"ZW-5-1",0.00152619976259115,0.000339155502798033,0,0,0,0.236730540953027,0.0125487536035272,0.161607597083263,0.000169577751399016,0,0.09309818551806,0,0.00118704425979312,0,0,0.00491775479057148,0.161607597083263,0,0,0.0854671867051043,0.153128709513312,0.15346786501611,0.23961336272681,0.242665762251993,0.461251483805325,0.463625572324911,1,1,0,0,0.453790062743768,0.244531117517382,0.239952518229608,0.240630829235204,0.236900118704426,0.236900118704426,0.237069696455825,1,0.688824826182805,0.237239274207224,0.244531117517382,0.244531117517382,2006
"ZW-6-1",0,0,0.242818519770193,0,0,0.222879351132139,0.0231497127407908,0.124366339979723,0,0,0.0931057789793849,0,0.000844880027036161,0,0,0.0103075363298412,0.124366339979723,0,0,0.0887124028387969,0.160020277120649,0.161710037174721,0.22406218316999,0.225076039202433,0.472794863129436,0.480229807367354,0.59766813112538,0.597837107130787,0,0,0.449645150388645,0.686887461980399,0.224569111186212,0.224738087191619,0.222879351132139,0.222879351132139,0.222879351132139,0.223724231159175,0.602399459276783,1,0.223048327137546,0.223048327137546,2011
"ZW-7-1",0,0,0.998070644108044,0,0,0.220094983674681,0.0154348471356486,0.0884535470466014,0,0,0.0696052241021075,0,0.000445235975066785,0,0,0.00148411991688928,0.0884535470466014,0,0,0.0661917482932621,0.160878598990798,0.162956366874443,0.208518848322944,0.209557732264767,0.452211338676165,0.455921638468388,0.555654496883348,0.557138616800237,0,0,0.331403977441377,0.739982190560997,0.221727515583259,0.221727515583259,0.220391807658059,0.220391807658059,0.220391807658059,0.224695755417038,0.582665479370733,0.220391807658059,0.220391807658059,0.220391807658059,2015
